Model,MSE,MAE,R2 Score
Random Forest,21998344.8097097,3595.7578030577906,0.9571877560014734
Linear Regression,3501306.904885542,1450.134817015337,0.9931859052659487
Gradient Boosting,12105182.879436063,2978.3239831995897,0.9764414074075038
XGBoost,3963433.5,1544.7452392578125,0.9922865629196167
